{"cameraMode":{"drawMode":0,"name":"Shaded","section":"Shading Mode"},"sceneLighting":true,"audioPlay":false,"sceneViewState":{"m_AlwaysRefresh":false,"showFog":true,"showSkybox":true,"showFlares":true,"showImageEffects":true,"showParticleSystems":true,"showVisualEffectGraphs":true,"m_FxEnabled":true},"in2DMode":false,"pivot":{"x":0.16890084743499757,"y":0.37789255380630495,"z":0.4461648464202881},"rotation":{"x":0.13824841380119325,"y":-0.5745642781257629,"z":0.09921947866678238,"w":0.8005746603012085},"size":1.0289528369903565,"orthographic":false}